title,text

Проблемы с интернет соединением,здравствуйте звать ирина слушать здравствуйте подсказать пожалуйста пользование интернет идти сентябрь период начинать переделать последний момент очень ваш компания уважаемый позволять какой ремонтный работа посчитать время который пользоваться интернет линия ваш компания вылет например полдень хотя честной честной ваш компания должный либо вернуть средство либо послед хрень пользоваться интернет правильно данный момент какой ремонтный работа нужный интернет войти мочь согласный мой слово работа аварийный ситуация магистральный провайдер произойти амбра работа очень часто аварийный ситуация ваш компания обязать возврат минута часы который человек найти пользоваться интернет считать право правильно говорить факт восстановление мочь обратиться кто обращаться сюда звонить подождать подождать послушать слушать мочь мочь выборка сделать сентябрь сколько какой время сентябрь такой инцидент происходить сожаление мочь работать почему знать свой смена какой ограничение работать каждый ночь идти везти правильно обращаться день этот вопрос работать доступ интернет должный обращаться ваш уважаемый компания обязать возвращать итак минута возвращать человек назад оплата идти наш компания делать абонентский плата зафиксировать течение сутки остановление доступ делать перерасчёт абонентский плата неправда ваш компания делать ваш компания просто говорить информация который знать делать нужный интернет пока быть помочь смочь данный момент технический причина зафиксровать приостановление доступ отвратительный компания руководитель руководитель бес бессовестный руководитель отвратительный компания пускай передаться дойти ваш руководство очень отвратительный предоставлять свой услуга очень отвратительный никак ественный сколько какой количество ремонт просто вообще непонятно дело происходить восстановление сколько быть мой ужас час бессовестный компания очень бесконечный прийтись расторгать договор очень бековый компания приносить свой извинение лицо компания заставный удобство спросить алло
Проблемы с интернет соединением,здравствуйте звать илья слушать здравствуйте подсказать пожалуйста такой остановка квартира 13 работать вай фай хватать сумма просто видеть хозяин короче стать платить интернет хозяин квартира отменение полтора 1000 смотреть сняться 500 р 5 работать интернет вай фай подсказать пожалуйста кто оформить данный договор маслов андрей викторович спасибо 70 р маленький стать сожаление данный момент минута зафиксировать приостановление доступ работать смотреть включать угу данный момент зафиксировать приостановление доступ технический причина сожаление идти русский кино смотреть канал снять 5 россия работать работать риа новость включительно поговорить именно отзыв абонент вообще следить агата интернет просто магистральный провайдер зафиксировать обрыв наш специалист перевод резервный абонент возможно девушка такой проблема перм 5 зима программист просто нахождение ваш специалист интернет пробовать грубо говорить один интернет 5 повредить айпитва скорее перевести резерв интернет интернет проблема отлично пожалуйста угу интересно сколько должный посмотреть счёт положить вообще случайно отключить минута тарифный сан откроить ага 700 запись телефон интернет 627 пользоваться 359 402 6 минута такой пиковый кабельный угу работать телевидение итв либо кабельный точно смотреть также верно кабельный телевидение офис 21 359 420 абонентский плата 1500 р месяц ровно ровно верно денежка платить просто действительно такой ситуация сожаление технический причина мочь сказать работать видеть знать рвать металло постоянно проблема постоянно ага подсказать какой период проблема час зафиксировать 9 течение 5 час восстанавливать спец алиса мегафон новый уренгой произойти обрыв получиться получиться гидрадация трафик сожаление робомент интернет указать навои утро сожаление течение 6 час телек работать год лтергый приносить свой извинение лицо единственный позвонить час сказать работать правда включить мочь кормить просто час такой включить смотреть начало загружать телефон загружаться думать восток говорить поговорить немой провайдер приносить свой извинение быть адель идти 9 ран подойти доступ интернет спасибо большой алиса добрый хороший свидание добрый ночь спасибо большой добрый
Проблемы с интернет соединением,добрый вечер звать ир здравствуйте звать валерий вопрос вчера полдень интернет пользоваться сегодня пользоваться ранний хотя присылать какой уведомление смс уведомление допустить игровой игра ваш вопрос день подарить пользоваться дальнейший ваш услуга свидание наш отправить извинить пожалуйста смска должный бросать просто допустить играть вчера виза пропасть интернет сегодня внучка прожить интернет сказать пожалуйста мы обращаться этот вопрос наш специалист проверять именно происходить порно никакой ограничение данный момент кроме норильск норильск зеленогорск говорить данный момент ограничение кроме норильск настоящий момент зелёный 5 интернет пожалуйста зеленогорск парковый 72 квартира 6 юрий геннадиевич спасибо кабель интернет сказать пожалуйста переподключать валерий геннадиевич вообще никуда переключать никакой действие правильно делать катя напряжение видеть свет отключать иметь ввиду скачок секунда вырубать просто угу просто говорить вчера ехать пол около пропасть ладный день грубо говорить ерунда очень игра нету появиться час 6 вчера появиться поэт думать ладный интернет смысл заплатить положить ночь играть нету раз данный момент почему спросить переподключить вокал скорее произойти скачок напряжение либо электросеть абакан мочь знать система просить обновить адрес обновление адрес доступ интернет возобновляться течение 10 15 минута данный момент 10 15 минута нужно ждать никакой ограничение наш сторона ваш оборудование видеть получить регулярно просто ожидать пожалуйста обновить говорить сам кадр заново зарегистрировать система запросить течение 10 15 минута смотреть 5 утро ладный дать нужно делать какой действие терпение трогать смысл работать играть понять ожидать пожалуйста скоро появиться спасибо большой спасибо проповедь сразу обращаться мы проверять телефон сохранить спасибо сохранять очень надеяться поменяться сниться хороший свидание нравиться голос спасибо хороший свидание спокойный ночь
Проблемы с оплатой,здравствуйте звать слушать 180 327 интернет пожалуйста 180 320 кто оформить данный договор артём анатолиевич дом технический фсин приостановить доступ заниматься установление плач деньга товар данный момент оборудование сожаление мочь специалист переводить абонент резерв близкий время восстановиться близкий время нужный прекрасно понимать плач лёжа член интернет деньга списать какой время 0 час точно кушать кушать зарплата платить предоставить интернет нужный сетка сожаление данный момент простить ничто смочь помочь ничто мочь помогать вернуть восстановление вернуть деньга извинить оператор контакт центр прекрасно делать заявка расчёт виш дача предоставить страх знать 0 час работать прекрасно 5 час отработать данный момент ограничение час ночь сожаление работать интернет говорить работать перерасчёт форма произвести течение 30 календарный день час перо заказать просрочка привет повод авария сколько диктовать закрыться сожаление мочь сделать абонентский пла иметь право договор считать говорить информация заказ данный момент владий оператор контакт центр ниязов перерасчёт абонентский плата понять перерасчёт предоставить интернет принц оператор контакт центр сделать перерасти наш абонент прекрасно загружать оборудование перезагружать оборудование данный момент помочь ничто смочь кроме оформить заявка почему мочь перезапустить оборудование перегрузить пожалуйста повторить артём анатолиевич оператор контакт центр яни технический поддержка поддержка вальный ситуация оператор контакт центр наш специалист город заниматься восстановление загадка специалист приехать сожаление данный момент сожаление смочь помочь простить пожалуйста смысл связать техподдержка притча мочь почему хотеть зарплата мочь технический возможность извинить пожалуйста смысл связать технический специалист данный момент технический специалист 9 утро начинать работать аварийный служба работать место авария дата возникнуть технический возможность связываться аварийный служба смысл интернет должный предоставить услуга предоставлять короче отказываться сделать дать пожалуйста вы связаться номер заявка специалист общаться поставить представиться звать ирина начало разговор кто оформлять 597 69 56 номер заявка фамилия имя отчество ваш специальный информация оформлять кто должный оформлять 7 85 оформлять жалоба 0 7 претензия отказаться помочь завершение минута пожалуйста загрузить информация повод крести готовый записывать ваш слушать сказать писать повторить пожалуйста хотеть записать сообщить понять слышать повторить слово написать который нужный написать защитить сказать сообщить давать быть писать проговаривать просить разобрать разобраться оператор разобраться применить применить соответствующий такт оператор верно верно 8 0 7 85 указать далёкий сказать предоставить доступ верно отказаться решить вопрос лежать служба жить возможность простить пропасть специалист какой кроме техподдержка ребята специалист возможно 7 иметь возможно специалист специалист иметь проговаривать писать другой мочь писать проговаривать прочитать передавать пожалуйста артём анатолиевич написать вопрос работать 7 интернет дополнение хота применить соответствие оператор линия внутренний номер 0 7 85 отказаться решить вопрос связь ферма интернет связаться служба техподдержка специалист иметься возможность решить вопрос работать интернет верно верно контактный номер телефон обратный связь который обращаться прописать договор минута продиктовать номер ваш заявка отправить смс записывать пожалуйста 597 угу 69 57 дать заявка рассмотреть 5 7 календарный день вы связаться вопрос к быть
Проблемы с оплатой,здравствуйте добрый день сказать пожалуйста квартира толстой 204 149 угу алиса владимирович почему снять 864 р сентябрь задолженность 14 р 7 абонентский плата 15 бой сентябрь месяц телефон октябрь месяц число произойти списание размер 850 р 14 р почему 850 р 700 р телевидение подключить телевидение добро переслать данный тарифный план перейти день назад должный отключить обуть телевидение интернет аренда приставка взиматься быть сказать пожалуйста приставка забрать приставка привезти наоборот 39 р новый тариф поставить тариф забыть ставить верно хотеть хотеть забрать хотеть приставка остаться абонентский плата 700 р месяц решать аренда приставка так 9 сниматься 850 р телевидение сказать хотеть минута пожалуйста хотеть понять открыться дать канал дан также оформить заявка перерасчёт абонентский плата приставка выйти жена каретный плата перепой заключаться молодой человек минута поехать говорить заключать говорить говорить заявка подать электронный вид заключать договор просто аре оборудование пока пользоваться быть менять севанский плата кв такт рука контактный номер телефон связь вы мочь указать который 95 верно перерасчёт данный телевидение сделать наш минута минута минута угу чета указать просто какой пакет сделать 550 р абонентский плата заявка оформить данный момент мочь предложить обещать платёж обычный платёж сделать течение какой календарный день вы связаться наш специалист вопрос к быть спасибо хороший свидание угу
Проблемы с интернет соединением,телефон владимир слушать добрый утро город поликлиника номер пропасть продиктовать уточнить извинить пожалуйста 24 57 0 71 0 9 минута давно интернет работать соль почасно вечер данный адрес находиться данный момент данный адрес находиться пара минута ожидать посмотреть информация ваш кабель прощение ожидание какой проблема ваш кабель видеть подать заявка дать вопрос посмотреть интернет наш инженер попробовать выяснить работать контактный телефон который позвонить давать мобильный указать пожалуйста 915 913 526 126 29 86 ваш заявка отправить ожидать течение карина вы должный связаться 9 час понять спасибо огромный спасибо большой обращение добрый свидание свидание
Проблемы с оплатой,телек мочь помочь добрый ночь девушка подсказать пожалуйста перевести вселенная нарком вернуться отпуск зайти сайт пополнить баланс 500 р привить 500 р списать рада 3000 мой 37 р никак мочь никуда точно локальный сетка работать запутаться вчера вчера работать вообще давать посмотреть проверить назвать адрес сколько день стоить давать посмотреть проверить назвать пожалуйста адрес мочь номер свой ошибка 305 395 кто оформить договор поменять неправильно минута азия заключаться 500 р стоить тариф овладеть 500 день сняться сказать сколько точно сняться день 31 число 37 р 35 р хватать нужно 10 500 пользоваться интернет подсказать пожалуйста почему происходить хотеть допустить 31 31 интернет работать 31 списать 37 р хотя понимать почему происходить каждый месяц 30 31 число такой 5 5 суслов лев 30 31 посмотреть 500 р месяц день выходить 16 р посчитать данный момент видеть абонентский плата вика 31 сколько пользоваться 48 71 проверить почему просто приехать минута выбирать понимать проверять просто объяснять порно ой заходить наверное собрать сказать точно 20 новый видеть день пользоваться пользоваться 28 29 30 использовать 31 поделить списание сходить такой случай развал 500 р спокойно пользоваться ребёнок снять денежный средство весь месяц быть пользоваться наш денежный средство период снимать посуточно нормально вносить середина период пересчитывать смс период лавный си конец месяц высчитывать знать число считывать 30 число полностью сифон угу понятно насколько быстро 400 понятно попробовать сделать снять 500 р найти свой тариф список подсказать посмотреть количество трафик ваш мой тариф правильно понимать писнить информация объём трафик 3000 посмотреть сколько остаться минута угу минута пожалуйста оставаться линия постолько недавно перевести информация надеяться вернуть вернуться отключать
Проблемы с оплатой,телек мочь помочь здравствуйте пропасть интернет число сказать пожалуйста адрес котульский 21 150 видеть баланс стать 204 р проверить кто договор оформить буква большой спасибо предоставить информация записать отрицательно проверить угу видеть начислить 549 240 9 300 правильно перекататься прошлый месяц составлять 344 71 данный момент отрицательный баланс 204 29 понять почему 300000 300 сказать 249 питер день 300 идти звать евгений вроде бесплатно очень странно ясно тариф тариф 15 10 19 который идти кабельный телевидение 0 р данный момент видеть определить внии 16 0 4 кабельный телевидение 300 сказать какой образ почему именно заменить смочь специалист который заниматься изменение этот тариф работать 9 9 угу утром позвонить сказать причина весь угу понять отключить телевидение смочь страница мочь сделать позвонить линия сказать понять дело предложить вариант мочь отключать человек предложный просто отключиться понять ладный спасибо добрый свидание
Проблемы с интернет соединением,мочь помочь алло слышать слышать поддержка круглосуточно круглосуточно замечательный библиотека калининский район город новосибирск угу сказать сказать пожалуйста посмотреть интернет угу 541 012 86 52 угу указать получаться несколько какой вопрос мы значит адрес подключение курчатов 37 видеть линк угу минута найти курчатов 37 правильно правильно угу получаться подключение видеть айпить адрес 89 189 184 39 ваш 62 видеть угу оставаться пожалуйста линия отключаться
Проблемы с роутером,добрый день звать андрей слушать добрый вечер звать сергей позвонить смотреть проблема блокировать роутер ест пароль пароль книжка пароль попробовать подключить ноутбук телефон телефон работать вай фай работать попробовать перезагрузить роутер получаться либо куча сбой лицевой счёт меняться роль почему стать совпадать подождать телефон примета скинуть пароль удалить загрузить новость пароль видеть роутер номер лицевой счёт назвать пожалуйста давать че адрес жить искать персональный проверка город новосибирск кропоткин 127 квартира 8 сергей валериевич роутер предать роутер давно сколько год модель рота ртн 12 минута подождать пожалуйста хотеть либо дело получиться спасибо ожидание зарегистрировать заявка техподдержка техподдержка вы завтра оператор какой проблема смотреть ценовый подключение пробовать везде техподдержка техподдержка получаться крайний случай давать вы посмотреть подключение нету сигна проходить настрой всякий случай перезагрузить порт почему принимать пароль лицевой счёт понимать являться входной удалённый доступ роутер настроить поэтому проверить пароль смочь техподдержка проверить пароль угу начать какой готовый завтра туда рисовать позвонить возможно отметить завтра техподдержка вы связаться спасибо спасибо спасибо спасибо обращение свидание
Проблемы с роутером,спасибо ожидание дать действительно возможность снижение скорость тот пакет особенно вечерний время проблема наш специалист решать работать соответственно немного вариант рот подключение пребольшой роутер выключить пожалуйста роутер розетка секунда секунда снова написать пожалуйста спасибо ожидание проверить пожалуйста ловиться работа вообще страница прогружаться google работать интернет устройство идти какой конкретный телефон вай фай минута зарегистрировать техподдержка техподдержка работать дополнить секунда поддержка сам завтра сколько готовый принять завтра быть секунда ответить подсказать удалить проблема массовый город дамский скорость планировать хранить достаток конкретный срок обозначить сожаление повод интернет связаться спасибо большой спасибо обращение свидание свидание
Проблемы с роутером,здравствуйте звать анна мочь помочь анна здравствуйте говорить сочень коллега антон такой проблема вчера провести интернет заплатить абонентский плата вчера интернет сегодня просыпаться р антон сказать нужно заплатить р заплатить 20 р ноутбук подключить комично ёлка сеть интернет уточнить пожалуйста лицевой счёт 94 простить алиса угу 94 82 41 кто зарегистрировать договор фёдоров алексей вячеславович минута пожалуйста посмотреть ваш предыдущий звонок баланс положительно переплата 17 р 84 интернет появиться верно причём подключение идти проводной напрямую роутер провод идти напрямую угу минута пожалуйста прямо подключить форд верно кабель компьютер ноутбук запускаться зарядка буквально 40 секунда показать работать просто показываться кабель подключить скорее ноутбук перезагружаться проверять видеть подключить минута пожалуйста мак сам установить новый должный интернет настройка обновить вчера звонить награда интернет сказать закрыть линия час появиться часик звонить появиться данный случай должный появиться 15 20 минута максимум угу роутер работать переключить обратно роутер нужно обратно менять заново физический адрес посмотреть напрямую заработать интернет нужно одеться скорее инженер либо переводить техподдержка вообще должный заработать ладный спасибо большой заработать 15 20 минута обратиться пожалуйста повторно спасибо добрый свидание
Проблемы с роутером,здравствуйте звать слушать мочь помочь сказать пожалуйста роутер мочь прописать посмотреть толиби сказать пожалуйста гашик 17 гоша смотреть 947 751 секунда просто мочь пользоваться оборудование зарегистрироваться 10 появиться появиться интернет служба появиться наруто вопрос подключить принцип видеть мой просто нажать народ должный написать занести пароль подключать занести такой роутер видимо компьютер телефон знать мы пароль занести сделать нажимать роутер телефон выйти пароль ивано роутер телефон логин пароль пароль посмотреть опред должный написать покупать роутер пароль мы зарегистрировать правильно должный проявить провести интернет давать какой вопрос глава верно пароль вай фай роутер переврать пин код переворачивать спасибо добрый свидание сбросить изменить допустить заниматься быть делать почему просто поменять пароль поменять положить пасмурно нажимать вообще нету разбираться сука достроить спасибо большой алло здравствуйте добрый вечер сказать пароль погодить интернет спасибо позвонить свидание добрый
Проблемы с оплатой,владимир слушать здравствуй вчера звонить вчера пополнить 300 р почему прислать 200 вчера позвонить списать говорить 99 р какой списать подключать делать сегодня смотреть баланс вообще 210 р заходить лич кабинет час 149 р списываться мочь понять минута посмотреть ваш начисление нету вай фай кинуть деньга нормальный 299 списывать постоянно смотреть сегодня списаться месяц 299 р знать вчера минута 300 р списать 299 октябрь какой списать 99 149 получаться зато каспийский отключить подключить возможно вместе звонок насчёт подключение дать услуга никто звонить говорить вчера женщина позвонить говорить списать 99 р говорить отправить заявка отключить сделать деньга вернуться сегодня утром включать телевизор 149 р списать дебил работа мочь понять смотреть просто заявка который составить перерасчёт смотреть максимально течение 5 почему 149 списать подключать никакой услуга 30 число сразу очерёдность никакой настя 300 р кинуть вчера выполнение объяснять списание карпинский который отличить дело перерасчёт поэтому задолженность подключить посмотреть сказать смочь отдел заниматься перерасчёт такой случай озвучить искать почему вчера кинуть сегодня списать 300 р сидеть вай фай телевизор нормально смотреть мочь перерасчёт 5 6 день сказать кидать деньга мочь единственный система выдать обещать платёж нужный обещать платёж кинуть нормально списываться нормально списывать списать каспер раз выдать оплачиваться назначить такой случай долго успеть оплатить хотеть списание который сделать пересчёт сам перекрываться обещать платёж аннулироваться понять почему такой понять происходить хотя ответить инженер который заниматься телок это вопрос перерасчёт дать номер инженер набрать сожаление вы вы связаться кофе надцать 18 верно приехать туда начаться наверное самый поговорить начальник сегодня работать приехать попасть он зависеть человек работать мочь он попасть принимать приём гражданин производить орать мочь посмотреть находиться место короче включить вай фай телефон включить возврат вай фай 8 знать должный списать вчера кинуть заранее списать работать постоянно кидать написать списать подключаться баран говорить мочь сделать работать интернет выйти обещать платёж остановиться должный туда телевизор правильно дать 220 р баланс положительный пока 5 день который рассматриваться заявка интернет заявка рассмотреть вася обещать платёж перекрыться отмениться 6 число вернуть деньга закрытый каспийский понять давать включить
Проблемы со скоростью загрузки,здравствуйте звать андрей слушать андрей здравствуйте хотеть вопрос поинтересоваться общий уточнить заявить скорость интернет вообще мой тарифный план лицевой счёт либо адрес подключение уточнить ваш 6 8 7 0 0 счёт спасибо большой кто зарегистрировать вишнёвый антон павлович тариф называться 100 мегабит секунда 550 р месяц ага сказать поинтересоваться также почему 360 этот качество фильм загружаться просто телевизор очень недать весьма работать невозможно постоянно прерывать понять скорее связать понимать телевизор вай фай работать вайфай возможность подключить телевизор кабель скорее жало подключать компьютер компьютер интернет очень плохо грузиться фильм понять контакт идти именно просадка скорость знать скорее поход просто понимать заявить скорость зависеть вай фай никакой роль особо играть идти 360 самый правый заветинский фильм понять данный момент проверить информация проверить мочь информация сигнал доходить ваш оборудование смотреть именно качество сигнал кабель подключать компьютер нужно провести замереть скорость точно выяснить именно причина скорость проверка скорость отображаться подключить адрес подключение напрямую 80 выше нормальный скорость соединение вай фай 150 мегабит выше мегабит секунда нормально скоро соединение предоставляться дать скорость сильно загружаться медленно скорее нужно выяснять тема имя причина страна данный ресурс провести рокировка данный ресурс иметь ввиду сайт который верно касаться пробовать везде идти нахуй думать сторона однозначно наш сторона понять возможность проверить скорость провести замер пинк скорость скачивание скорость загрузка правило написать сайт данный момент пик 6 12 скачивание скорость понять 94 24 ау загрузка 94 89 скоро предел норма билайн новосибирск 1000 север какой зазор голос верно вопрос разный сервер разный скоро соединение каша загрузка яндекс телевизор сожаление данный момент именно сам компьютер провести текиров мочь отправить смс сообщение ссылка полный инструкция быть люба спасибо номер телефон который обращаться мочь отправить пожалуйста данный телефон сразу сообщение течение 15 минута сообщение прийти добрый свидание
Проблемы со скоростью загрузки,здравствуйте звать слушать здравствуйте подсказать пожалуйста мы подключить отказаться телевидение вообще сделать нужно номер сказать пожалуйста 8 номер телефон либо лектовыя шик ебаня кристальный город город бердск кристальный 16 договор кто оформить горелов владислав игоревич работа идти пакет смотреть менять тариф посмотреть менять тариф самый дешёвый скорость стоить 600 р скорость маленький 50 мегабит 400 давать доставка аренда нужно сделать весь специалист техника подъехать забрать приставка вообще сделать подключать демонтаж день забрать либо крест сразу поменять тариф который сказать либо нужно перезвонить угу контактный номер телефон оставлять который звонить добавить давать 8 929 угу 389 39 01 угу время хотеть сумма примерно удобно принять специалист смотреть специалист принцип подъехать завтра подъехать 9 30 10 утро либо 10 10 10 утро утром секундочка просто работа получаться работа свидание смотреть заявка отложить четверг четверг скорость  смочь перезвонить назначить пятница давать пожалуйста добрый свидание
Проблемы со скоростью загрузки,здравствуйте звать слушать здравствуйте подсказать скорость пожалуйста мы подключить отказаться телевидение вообще сделать нужно номер сказать пожалуйста 8 номер телефон либо лектовыя шик ебаня кристальный город город бердск кристальный 16 договор кто оформить горелов владислав игоревич работа идти пакет смотреть менять тариф посмотреть менять тариф самый дешёвый скорость стоить 600 р скорость маленький 50 мегабит 400 давать доставка аренда нужно сделать весь специалист техника подъехать забрать приставка вообще сделать подключать демонтаж день забрать либо крест сразу поменять тариф который сказать либо нужно перезвонить угу контактный номер телефон оставлять который звонить добавить давать 8 929 угу 389 39 01 угу время хотеть сумма примерно удобно принять специалист смотреть специалист принцип подъехать завтра подъехать 9 30 10 утро либо 10 10 10 утро утром секундочка просто работа получаться работа свидание смотреть заявка отложить четверг четверг  скорость смочь перезвонить назначить пятница давать пожалуйста добрый свидание
Проблемы со скоростью загрузки,детский сеть владимир слушать здравствуйте владимир подсказать заявочный мастер оставить какой адрес плагин 31 208 город новосибирск какой вопрос заявка спикер сломаться инструмент обжимка нету угу смотреть смочь поставить заявка предупреждать платный именно минута конвектор 50 р бесплатно почему платно говорить просто такой ситуация обновляться система мочь сделать платный пока пока заявка бесплатный нискать сказать платный бесплатный век сказать место уточнить пожалуйста 29 22 телефон завтра 11 12 мочь принять инженер ожидать инженер завтра 12 спасибо вопрос ограничиваться скорость допустить 50 мегабайт секунда скорость ограничиваться определённый количество использовать гигабайт месяц безлимитный платить 50 мегабит течение месяц понимать допустить терабайт месяц сказать определённый скорость терабайт ограничение стандартный идти говорить безлимит сколько качать кодак тажа указать 50 мегабит 50 мегабит скоро скорее зависеть вай фай причём подключить сеть дем дения скорость примерно подключить компьютер телефон сказать распределяться телефон компьютер быть компьютер скорость идти скорость спасибо большой спасибо скорость большой обращение свидание свидание
Проблемы из-за технических работ,добрый день звать павел мочь помочь добрый день подсказать айтишник смениться адрес телефон электроный счёт номер лицевой счёт 279 110 кто оформить договор бабушкин евгений алексеевич личный кабинет дино вчера почему отвалиться связь сегодняшний день связь нету нету думать странно статика забитый включить дтп к прилететь вообще пишникнуть текущий момент меняться почему прилетать 10 101 10 106 193 79 место мой фактический который 10 100 209 239 течь апрель объект авторизация 10 точка 80 133 мочь личный кабинет увидеть подождать разговор точка подключение адрес миграция вселенная который прийти 10 8 7 133 лицевой счёт авто роликовый счёт хищник поэтому место подключение 10 100 точка 209 239 такой пи адрес ленинский непосредственно наком почему кто работать подключение рассказ напрямую либо вай фай роутер роутер против видеть лента пинговать люся видеть такой ощущение порт ваш сторона именно интерфейс ваш сторона друг звон техничесике находиться говорить вчерашний технические работы день число 10 утро нету связь думать авария просто позвонить поддержка сказать тип привязать мак адрес тип 15 минута заработать 15 минута заработать знать марков степень зайти статика думать ладный поменяться включать такой вне прилетать вообще левый адрес ваш наркомовский работать немой произойти ник текущий момент работать стас 10 100 209 239 связь вообще шлюха видеть маска 19 10 110 9 279 19 март включать пи к прилетать 10 106 193 79 27 марка сразу подниматься остальной соединить тройник технический поддержка пожалуйста оставаться линия детально проконсультировать угу
Проблемы из-за технических работ,добрый вечер звать андрей слушать андрей здравствуйте звать артём смотреть день ходить скорость интернет падать буквально несколько человек подсказывать нормальный состояние собственно день значит мочь понять роутер перезагружать помогать понять назвать пожалуйста технический работа  моделька либо адрес давать адрес сказать номер помнить выборный 89 4 квартира 127 алина конкретный ноутбук пользоваться подключить роутер напрямую роутер роутер вай фай получаться кабель роутер роутер давать ноутбук вай фай вафа такой подключить возможность технический работа  подключить кабель напрямую ноутбук сделать замереть именно подключение напрямую возможность мочь назвать выезд минута регистрировать заявка выезд программа активировать приятно спасибо ожидание заявка зарегистрировать мочь технический работа  назначить завтра 11 12 утро самара время работать сказать телефон проверить ранний звонить вроде решать проблема какой образ возможность удалённый условие диагность замереть напрямую синемой номер напрямую точно сантехник ноутбук замерять скорость угу ноутбук средство телефон помогать говорить свами поменяться проблёмкий смешать телефон яркий технический работа  неделя работать платить видеть никак выходной корона график дом работать вариант удалённый сделать мочь собственно дать выходной выходной технуть подъехать общий предлагать такой случай случайно оставить комментарий заявка относиться диспетчер согласование время выезд ожидать пожалуйста перезвонить подождать технический отдел сайт соединить технический работа  говорить разный ситуация сомнение телефон решать просто надеть попробовать просто быть ждать выезд скоро дождаться графика несколько день интернет получать понимать ваш проблема давать решить видеть минута подождать пожалуйста закрой заявка выезд регистрировать заявка удалённый техподдержка короткий вопрос замереть деальный пит делать грузить вопрос мочь сделать сегодня загружать технический работа  торрент прям 5 нормально скачивать прям подключить попробовать пожалуйста тело замена питаться вообще загрузить угу грузиться сайт загрузиться ожидать ожидание ожидание хотя интернет писать подключить температурный система компьютер наличие антивирус стандартный наличие вопрос найзер нету минута спасибо ожидание пробовать проверять процент специальный процессор нажать пожалуйста контра выбрать диспетчер задача производительный смотреть добро такой точно написать старый процессор 12 осный 9 записать очень больший район 11 заявка зарегистрировать технический работа ситуация писать перевод специалист техподдержка пойти пожалуйста переводить
Проблемы из-за технических работ,добрый день звать павел мочь технический  помочь добрый день подсказать айтишник смениться адрес телефон электроный счёт номер лицевой счёт 279 110 кто оформить договор бабушкин евгений алексеевич личный кабинет дино вчера почему отвалиться связь сегодняшний день связь нету нету думать странно статика забитый включить дтп к прилететь вообще пишникнуть текущий момент меняться почему прилетать 10 101 10 106 193 79 место мой фактический который 10 100 209 239 течь апрель объект авторизация 10 точка 80 133 мочь личный кабинет увидеть подождать разговор точка подключение адрес миграция вселенная который прийти 10 8 7 133 лицевой счёт авто роликовый счёт хищник поэтому место подключение 10 100 точка 209 239 такой пи адрес ленинский непосредственно наком почему кто работать подключение рассказ напрямую либо вай фай роутер роутер против видеть лента пинговать люся видеть такой ощущение порт ваш сторона именно интерфейс ваш сторона друг звон находиться говорить вчерашний день число 10 утро нету связь думать авария просто позвонить поддержка сказать тип привязать мак адрес тип 15 минута заработать 15 минута заработать знать марков степень  технический зайти статика думать ладный поменяться включать такой вне прилетать вообще левый адрес ваш наркомовский работать немой произойти ник текущий момент работать стас 10 100 209 239 связь вообще шлюха видеть маска 19 10 110 9 279 19 март включать пи к прилетать 10 106 193 79 27 марка сразу подниматься остальной соединить тройник технический поддержка пожалуйста оставаться технический линия детально  технический проконсультировать угу
Проблемы из-за технических работ,здравствуйте звать антон слушать технический работ здравствуйте антон знать какой слово подобрать звонить минута 40 назвать пожалуйста свой счёт ад 648 164 648 164 утро сходить оплатить баланс кто оформить оформить ваш договор михалевич игоревич слышать активный баланс положительный дело двигатель выходить оплачивать сегодня утром угу сей пора писать баланс отрицательный вообще интернет включаться знать писать ваш разговор записать мочь подойти роутер пенсионер лежать дом больной человек просто ваш реклама услуга 40 минута звонить поговорить че телефон записываться сожаление 11 звонить получить точность линия какой извиняться рекламировать москва вынудить быть технический отказаться ваш услуга подарить интернет связаться мочь мочь смотреть видеть подключение отсутствовать нужно мочь мочь вы провести диагностик роутер смочь отключить подключить попытаться дело понимать 67 год понять звонить 40 минута объяснить записывать звонок звонок записываться зато деньга какой услуга алло алло молодой де смотреть доступ интернет технический причина нужно мочь просто подойти роутер посмотреть гореть индикатор планета немой говорить сутра работать нормально интернет работать утро нормально беспокоить уверить слышать такой случай мочь предоставить инженер ваш адрес молодой человек сказать баланс сколько ты попасть месяц оплатить оренбург заказ поза нужно мочь переключить провод ротор техника вызвать тотемный такой случай инженер оформить попытаться объяснить почему дозвониться невозможно очередь линия сам сколько мочь ответить ваш вопрос открыть час очередь линия нормально порядок вроде 40 ой записывать разговор инженеров оформлять адрес понять техникова оформить время смочь говорить никакой попробовать плохо слышный вопрос почему процесс ответить ваш вопрос вопрос остаться очень бежевый ответить получиться линия почему постоянно лушина вопрос повод работа интернет
Проблемы из-за технических работ,дравствуйте мочь помочь алло слушать неужели проснуться алло свой вопрос седой мой вопрос почему полагать человек спать ночью например спать номер 32 32 0 8 ваш абонент мочь смотреть телевизор зависать часами пися алло интернет пожалуйста уточнить представиться пожалуйста сначала звать алина начало диалог расставиться окей алина нужно 32 номер 302 32 08 номер продиктовать нужный информация кто оформить договор ирина швайда большой спасибо предоставить информация 5 записать постоянно постоянно течение 20 август сегодняшний день читать верный звонить неоднократно говорить какой работа вестись новый заставка сделать новый дизайн этот программа видеть технический интернет именно ночью смотреть понимать понимать услышать приставка перезагрузить прошивка говорить делать сказать пожалуйста настроить заводский делать сброс настройка каждый ветер каждый ночь 10 делать понимать происходить зависание интернет работать интернет интересовать мобильный интернет смотреть телевизор сказать сказать знать курс должный 120 точно соответствовать этот извинить нерв алло скорость должный 100 знать соответствовать каждый день алина извинить линда каждый вечер начинать особенно выходной просто знать чься любить исеть новосибирск вы договор знать наверное около 10 год просто каждый месяц плохой плохой делать видеть плакать переходить настой человек смотреть ночью ночь возможность понимать понять роутер квартира кабес напрямую идти приставка роутер квартира перезагрузить порт вышестоящий оборудование который поставлять интернет кабель квартира роутер ру нужно перезагрузить настройка ставить правильно нужно закусить корабель питание кабель интернет должный пройти секунда 10 поставить обратно течение 10 15 мно должный должный восстановиться интернет восстановиться нужно позвонить мы 9 час утро технический поддержка работать 9 10 50 сделать заявка перевести технический поддержка удалённый смотреть возможно специалист линия поддержка направить инженер диагностика решать алина слышать очень часто звонить слышать перезагружать совет говорить отвратный связь говорить перезагрузить свой роутер придумать усилить работа ваш интернет перезагрузить порт высота оборудование который отключать абсолютно верно сказать нужно отключить 10 секунда включить обратно течение 10 15 минута интернет должный остановиться главный связь нужно самостоятельно делать течение 10 15 минута должный становиться интернет я связь время окей претензия короче оформлять 20 август сегодняшний число претензия бухгалтерия позвонить устраивать час ночью отсутствие интернет виснуть вообще западать перезагружать устать понять мой заявка понять прекрасно составлять сила включить 15 минута включить быть проблема должный делать позвонить мы юридический утро перевести линия поддержка специалист линия поддержка направить карта специалист ой знать хотеть сказать просто какой проблема мой оборудование наш дом понимать сутки интернет почему кемерово абсолютно работать говорить звонить телевидение какой проблема делать риск щёлкать писать писать просто говорить говориться якобы телевидение какой проблема просто плач 500 р несчастный который вообщий пользоваться смысл знать интернет месяц вообще телевидение ваш отвратительный хотеть сказать надеяться записывать очень рада слышать кемерово наш знать зависеть 20 август проблема ночь шея мой любимый время смотреть передать ночью проблема понимать интересовать время очень важно постоянно висеть алиночка извинить разбудить разбудить спать работа очень долго подходить важно заходить слово сумма ожидать делать включать понять отключиться включать прийти господь такой ненормальный который ночь понимать понять простить просто нерв ночной человек понимать телевизор благодарить наверное 9 6 утро человек начинать смотреть телевидение связать пожалуйста номер телефон вы связаться ваш претензия который обращаться писать пожалуйста ожидать течение 5 день происходить разбирательство предоставиться обратный связь дать вопрос позвонить номер телефон поэтому пожалуйста ожидать смотреть алина перезагрузить оно идти долго знать понимать поэтому терпеть очень долго 10 день приехать повысить статус ваш заявка разбирать спасибо огромный простить знать заказать нервный работа ладный хороший скок подождать вторник добрый хороший день добрый свидание свидание




